file,sha256,source,table,evidence,note
MC_patched/TFIM/chain/1qp_gap_series_1d_chain_tfim_k0_sigma0.5_order11.csv,19b72d80a9bc20884909d9c8e351df18c0b0d599109e27507495b7e0716d4485,langheld2022,"Langheld et al. (2022), Zenodo 10.5281/zenodo.6645107",byte-identical to raw_data_pcut/results/1qp_gap/mc_embedding/lrtfim_sigma0.5/1qp_gap_series_k0_sigma0.5_o11.csv in the record,renamed on import; content unchanged
MC_patched/TFIM/chain/1qp_gap_series_1d_chain_tfim_k0_sigma1.0_order11.csv,afaba97c9711f4f2f337f1c0b26b475ea42aaf3425e7cbfd2b7cadba01edee9b,langheld2022,"Langheld et al. (2022), Zenodo 10.5281/zenodo.6645107",byte-identical to raw_data_pcut/results/1qp_gap/mc_embedding/lrtfim_sigma1/1qp_gap_series_k0_sigma1.0_o11.csv in the record,renamed on import; content unchanged
MC_patched/TFIM/chain/1qp_gap_series_1d_chain_tfim_k0_sigma2.0_order11.csv,9bd397ad2f913937ad7382c117e340324909b70a5eda9e1132674ea841a416c8,langheld2022,"Langheld et al. (2022), Zenodo 10.5281/zenodo.6645107",byte-identical to raw_data_pcut/results/1qp_gap/mc_embedding/lrtfim_sigma2/1qp_gap_series_k0_sigma2.0_o11.csv in the record,renamed on import; content unchanged
MC_patched/TFIM/chain/1qp_gap_series_1d_chain_tfim_k0_sigma3.0_order11.csv,7314f22503910d7042ac0c5bd25d487c398a4dfe45d6da8a08fae2699b98fca0,langheld2022,"Langheld et al. (2022), Zenodo 10.5281/zenodo.6645107",byte-identical to raw_data_pcut/results/1qp_gap/mc_embedding/lrtfim_sigma3/1qp_gap_series_k0_sigma3.0_o11.csv in the record,renamed on import; content unchanged
MC_patched/TFIM/chain/1qp_gap_series_1d_chain_tfim_kPi_sigma0.25_order10.csv,876713d43395667834e3a7652140a75b692a5e15c195b4b8fbbced1653d5cfce,adelhardt-pc,"P. Adelhardt, private communication (unpublished coefficients)",byte-identical in all three data sets received from P. Adelhardt,sigma=1 orders 3/4/9 inside Fey (2020) F.3 error bars
MC_patched/TFIM/chain/1qp_gap_series_1d_chain_tfim_kPi_sigma0.333333_order10.csv,137f9e4a3444ccf3f99b7efe0bde283669d21ee7f39f368149d6adf0b2a56ddc,adelhardt-pc,"P. Adelhardt, private communication (unpublished coefficients)",byte-identical in all three data sets received from P. Adelhardt,sigma=1 orders 3/4/9 inside Fey (2020) F.3 error bars
MC_patched/TFIM/chain/1qp_gap_series_1d_chain_tfim_kPi_sigma0.5_order10.csv,5abfb366fb318c6b9ff6972bd63398ddef181df91f9b568eeb62c483e92024f4,adelhardt-pc,"P. Adelhardt, private communication (unpublished coefficients)",byte-identical in all three data sets received from P. Adelhardt,sigma=1 orders 3/4/9 inside Fey (2020) F.3 error bars
MC_patched/TFIM/chain/1qp_gap_series_1d_chain_tfim_kPi_sigma0.75_order10.csv,8dfc59da82f883d54c0df9ce06468cc3a0d37f753b5b7b4cc00463e4558e9036,adelhardt-pc,"P. Adelhardt, private communication (unpublished coefficients)",byte-identical in all three data sets received from P. Adelhardt,sigma=1 orders 3/4/9 inside Fey (2020) F.3 error bars
MC_patched/TFIM/chain/1qp_gap_series_1d_chain_tfim_kPi_sigma1.25_order10.csv,adabdc06a2d296bbf949f83774ab4066ace605128d2170b7b437d3535a78ebaf,adelhardt-pc,"P. Adelhardt, private communication (unpublished coefficients)",byte-identical in all three data sets received from P. Adelhardt,sigma=1 orders 3/4/9 inside Fey (2020) F.3 error bars
MC_patched/TFIM/chain/1qp_gap_series_1d_chain_tfim_kPi_sigma1.5_order10.csv,38f0120aa036560933457bd4cba7c98c09c62f0baa2a6924b29c2cfa1e83ed6f,adelhardt-pc,"P. Adelhardt, private communication (unpublished coefficients)",byte-identical in all three data sets received from P. Adelhardt,sigma=1 orders 3/4/9 inside Fey (2020) F.3 error bars
MC_patched/TFIM/chain/1qp_gap_series_1d_chain_tfim_kPi_sigma1_order10.csv,ce912d143f6a1becc8798a19c16127be4b15f4d3b8d8f34512c0fd5d6b568f4b,adelhardt-pc,"P. Adelhardt, private communication (unpublished coefficients)",byte-identical in all three data sets received from P. Adelhardt,sigma=1 orders 3/4/9 inside Fey (2020) F.3 error bars
MC_patched/TFIM/chain/1qp_gap_series_1d_chain_tfim_kPi_sigma2_order10.csv,6790213efbc4af1b0dfeba2c4fc35a65bf8ed37533c6cdea0891f4b43b11f375,adelhardt-pc,"P. Adelhardt, private communication (unpublished coefficients)",byte-identical in all three data sets received from P. Adelhardt,sigma=1 orders 3/4/9 inside Fey (2020) F.3 error bars
MC_patched/TFIM/chain/1qp_gap_series_1d_chain_tfim_kPi_sigma3_order10.csv,8e42b7eb98eda19c952ee4128d139bc21d1c497498602603bc49af576a7c0242,adelhardt-pc,"P. Adelhardt, private communication (unpublished coefficients)",byte-identical in all three data sets received from P. Adelhardt,sigma=1 orders 3/4/9 inside Fey (2020) F.3 error bars
MC_patched/TFIM/chain/1qp_gap_series_1d_chain_tfim_kPi_sigma4_order10.csv,9c1cb835d525591e61f3fc67076347361f50f2b5423fff5fcea17e54e73e884a,adelhardt-pc,"P. Adelhardt, private communication (unpublished coefficients)",byte-identical in all three data sets received from P. Adelhardt,sigma=1 orders 3/4/9 inside Fey (2020) F.3 error bars
MC_patched/TFIM/chain/1qp_gap_series_coeffs_1d_chain_tfim_k0_sigma0.5_order11.csv,137ed7fc4f2570d2033cc944b8b4fea1c682e9f66853158a230a78d03381592d,langheld2022,"Langheld et al. (2022), Zenodo 10.5281/zenodo.6645107",per-cluster reduction of raw_data_pcut/results/1qp_gap/mc_embedding/lrtfim_sigma0.5/ in the record: every row is the mean over seeds of '# Target integral' (<= 4.4e-16 relative) with error sd/sqrt(n_seeds) exactly,
MC_patched/TFIM/chain/1qp_gap_series_coeffs_1d_chain_tfim_k0_sigma1.0_order11.csv,97517d52c288d678013f172dde00cc3f9fea5afda768d92792492913caa945d6,langheld2022,"Langheld et al. (2022), Zenodo 10.5281/zenodo.6645107",per-cluster reduction of raw_data_pcut/results/1qp_gap/mc_embedding/lrtfim_sigma1/ in the record: every row is the mean over seeds of '# Target integral' (<= 4.4e-16 relative) with error sd/sqrt(n_seeds) exactly,
MC_patched/TFIM/chain/1qp_gap_series_coeffs_1d_chain_tfim_k0_sigma2.0_order11.csv,a534e105ecbcdd01ec602eca7d39d6142ae65e4aaa8997f16258b03683a6f25b,langheld2022,"Langheld et al. (2022), Zenodo 10.5281/zenodo.6645107",per-cluster reduction of raw_data_pcut/results/1qp_gap/mc_embedding/lrtfim_sigma2/ in the record: every row is the mean over seeds of '# Target integral' (<= 4.4e-16 relative) with error sd/sqrt(n_seeds) exactly,
MC_patched/TFIM/chain/1qp_gap_series_coeffs_1d_chain_tfim_k0_sigma3.0_order11.csv,c11af813a5f7f0dc808caab992924eaa66c8496438d1794ca595a472df314599,langheld2022,"Langheld et al. (2022), Zenodo 10.5281/zenodo.6645107",per-cluster reduction of raw_data_pcut/results/1qp_gap/mc_embedding/lrtfim_sigma3/ in the record: every row is the mean over seeds of '# Target integral' (<= 4.4e-16 relative) with error sd/sqrt(n_seeds) exactly,
MC_patched/TFIM/chain/TFIM_lr_1d__MC__list_of_prefactors__k0__alpha_1.25.dat,bbb5c34cee424706f4133e97f76b8ce231cd0bc430b74f769e2d169c1c490c79,fey2020thesis,Fey (2020) Table F.2,cell-verified (7/7 measured orders reproduce the print),
MC_patched/TFIM/chain/TFIM_lr_1d__MC__list_of_prefactors__k0__alpha_1.66667.dat,a8cfa02923f8d8804dd76ad12e88e05dc2d60e2351671d17bb6b73c1758d6cd0,fey2020thesis,Fey (2020) Table F.2,cell-verified (7/9 measured orders reproduce the print),
MC_patched/TFIM/chain/TFIM_lr_1d__MC__list_of_prefactors__k0__alpha_10.dat,603f98fa47a8fe8d44eddd102f4bf6d75091d7b56d7e819ec582ea48c32aa5e5,fey2020thesis,Fey (2020) Table F.2,cell-verified (5/7 measured orders reproduce the print),
MC_patched/TFIM/chain/TFIM_lr_1d__MC__list_of_prefactors__k0__alpha_2.25.dat,10a73b1ec5de376fa7138c854c75d8d67f1cc95248a306224a077e7404a1de8b,fey2020thesis,Fey (2020) Table F.2,cell-verified (7/7 measured orders reproduce the print),
MC_patched/TFIM/chain/TFIM_lr_1d__MC__list_of_prefactors__k0__alpha_2.5.dat,d0d123541ab087ed715ee05eb806dcbc83b44b0126185c43a198671e5cb6f631,fey2020thesis,Fey (2020) Table F.2,cell-verified (7/7 measured orders reproduce the print),
MC_patched/TFIM/chain/TFIM_lr_1d__MC__list_of_prefactors__k0__alpha_2.75.dat,38c77ce3aec45438274ffd793cc1e67752c4fb32fa90fd2a0d6b9a1d49969bd8,fey2020thesis,Fey (2020) Table F.2,cell-verified (7/7 measured orders reproduce the print),
MC_patched/TFIM/chain/TFIM_lr_1d__MC__list_of_prefactors__k0__alpha_2.875.dat,6b405895900feea025387d89b0298091db462950ab6550fff66c771acb0d4f6a,fey2020thesis,Fey (2020) Table F.2,cell-verified (7/7 measured orders reproduce the print),
MC_patched/TFIM/chain/TFIM_lr_1d__MC__list_of_prefactors__k0__alpha_2.dat,60f8cafc79f73a5c352e85645a3aedc88ced0ddffa0c52f20ae4bd5e2fddfe6c,fey2020thesis,Fey (2020) Table F.2,cell-verified (7/7 measured orders reproduce the print),
MC_patched/TFIM/chain/TFIM_lr_1d__MC__list_of_prefactors__k0__alpha_3.125.dat,101f9f5f1e0c9ab93b4575143e8212a65156769ef036a86ecc2698f237a2c358,fey2020thesis,Fey (2020) Table F.2,cell-verified (7/7 measured orders reproduce the print),
MC_patched/TFIM/chain/TFIM_lr_1d__MC__list_of_prefactors__k0__alpha_3.25.dat,f711b759cabdec6e1909ebeee317000bf70eed882fa4cc00424b3f250a33c886,fey2020thesis,Fey (2020) Table F.2,cell-verified (7/7 measured orders reproduce the print),
MC_patched/TFIM/chain/TFIM_lr_1d__MC__list_of_prefactors__k0__alpha_3.5.dat,43ecf2f4563386c8d1e8867ddf824e3456ebd1dcf25cda9d5740b970a8647e6c,fey2020thesis,Fey (2020) Table F.2,cell-verified (7/7 measured orders reproduce the print),
MC_patched/TFIM/chain/TFIM_lr_1d__MC__list_of_prefactors__k0__alpha_3.dat,a4536c4e76be8c43bc74787b421c78d9f662d61079f1eea1e41feeb3f22866af,fey2020thesis,Fey (2020) Table F.2,cell-verified (7/7 measured orders reproduce the print),
MC_patched/TFIM/chain/TFIM_lr_1d__MC__list_of_prefactors__k0__alpha_4.dat,3ed16f4b32d74892675b3e0d194df790abaaacb2658ec9955f2008cbd91d2ea9,fey2020thesis,Fey (2020) Table F.2,cell-verified (7/7 measured orders reproduce the print),
MC_patched/TFIM/chain/TFIM_lr_1d__MC__list_of_prefactors__k0__alpha_6.dat,4891210c74b5658902562c1d5e0d3cd5ee42f0be4dfbec86fd431428452e85cd,fey2020thesis,Fey (2020) Table F.2,cell-verified (7/7 measured orders reproduce the print),
MC_patched/TFIM/chain/TFIM_lr_1d__MC__list_of_prefactors__kPi__alpha_1.5.dat,4ae94a44c053b5525831abeb716cc427cadda610c635f18bc64a0e721363adc1,fey2020thesis,Fey (2020) Table F.3,cell-verified (6/6 measured orders reproduce the print),
MC_patched/TFIM/chain/TFIM_lr_1d__MC__list_of_prefactors__kPi__alpha_1.66667.dat,13f36f2975190f317cc2b8afa4b43b66f1a39cb76dbbbf5af77e3b2ea067bc7f,fey2020thesis,Fey (2020) Table F.3,cell-verified (2/3 measured orders reproduce the print),"r=5 value one unit off in the last printed digit (print slip)"
MC_patched/TFIM/chain/TFIM_lr_1d__MC__list_of_prefactors__kPi__alpha_2.25.dat,e87423eb497d07061af48504cd5894358cc09db3726883f3a1db920823b2b0ea,fey2020thesis,Fey (2020) Table F.3,"values reproduce Fey (2020) Table F.3 at every printed order (within 0.11 printed error bars); error bars are 0.75-0.99 of the printed ones, so this is not the printed data","shipped because Table F.3 prints this series and the values agree with the print"
MC_patched/TFIM/chain/TFIM_lr_1d__MC__list_of_prefactors__kPi__alpha_2.5.dat,1fdf2b16be2ba14387c3939b0926a5ed4b8db21624ecf098e62a56cac179ae7f,fey2020thesis,Fey (2020) Table F.3,cell-verified (7/7 measured orders reproduce the print),
MC_patched/TFIM/chain/TFIM_lr_1d__MC__list_of_prefactors__kPi__alpha_2.dat,fb3cd65c097bf9d42ec2f17c84c1d8083b327b5e689ed237bf78aae95cc8a553,fey2020thesis,Fey (2020) Table F.3,cell-verified (7/7 measured orders reproduce the print),
MC_patched/TFIM/chain/TFIM_lr_1d__MC__list_of_prefactors__kPi__alpha_3.dat,47298232d1969ffcc4fa256171141416ed77b858b3ec8b8df37ad41d8ea7f11f,fey2020thesis,Fey (2020) Table F.3,cell-verified (7/7 measured orders reproduce the print),
MC_patched/TFIM/chain/TFIM_lr_1d__MC__list_of_prefactors__kPi__alpha_4.dat,dc850033c52eb5156507d32d609c80c3d3ba7c9f8f03e08058900af038186b95,fey2020thesis,Fey (2020) Table F.3,cell-verified (7/7 measured orders reproduce the print),
MC_patched/TFIM/chain/TFIM_lr_1d__MC__list_of_prefactors__kPi__alpha_5.dat,3485bf6149cf4111fd61cdac50aefd33a19de1ab1f3115d988c9806bb762982a,fey2020thesis,Fey (2020) Table F.3,cell-verified (7/7 measured orders reproduce the print),
MC_patched/TFIM/chain/TFIM_lr_1d__MC__list_of_prefactors__kPi__alpha_7.dat,8272a9227aba102cf349007f66d2715962477fb72329541d973403d709f351fa,fey2020thesis,Fey (2020) Table F.3,cell-verified (7/7 measured orders reproduce the print),
MC_patched/TFIM/chain/gs_energy_series_1d_chain_tfim_sigma0.5_order13.csv,dbb51b5110a1802d734c2d393954144c1d767e70f55f40021bcc1dc79fb0b29c,langheld2022,"Langheld et al. (2022), Zenodo 10.5281/zenodo.6645107",byte-identical to raw_data_pcut/results/ground_state_energy/mc_embedding/lrtfim_sigma0.5/gs_energy_series_sigma0.5_o13.csv in the record,renamed on import; content unchanged
MC_patched/TFIM/chain/gs_energy_series_1d_chain_tfim_sigma1.0_order13.csv,8877f11b5ff629da018325b74709f1faac3b6f6392dbce59fd769e8e6e981292,langheld2022,"Langheld et al. (2022), Zenodo 10.5281/zenodo.6645107",byte-identical to raw_data_pcut/results/ground_state_energy/mc_embedding/lrtfim_sigma1/gs_energy_series_sigma1.0_o13.csv in the record,renamed on import; content unchanged
MC_patched/TFIM/chain/gs_energy_series_1d_chain_tfim_sigma2.0_order13.csv,123f6ae5fbb7197b3af95e9ee7c767bb5c34bd84a84ec7e62a01d0aefd811521,langheld2022,"Langheld et al. (2022), Zenodo 10.5281/zenodo.6645107",byte-identical to raw_data_pcut/results/ground_state_energy/mc_embedding/lrtfim_sigma2/gs_energy_series_sigma2.0_o13.csv in the record,renamed on import; content unchanged
MC_patched/TFIM/chain/gs_energy_series_1d_chain_tfim_sigma3.0_order13.csv,007edabcee12979c14d6af2be2e0ab94ec9a98660e80d803f02738671ff8f377,langheld2022,"Langheld et al. (2022), Zenodo 10.5281/zenodo.6645107",byte-identical to raw_data_pcut/results/ground_state_energy/mc_embedding/lrtfim_sigma3/gs_energy_series_sigma3.0_o13.csv in the record,renamed on import; content unchanged
MC_patched/TFIM/chain/gs_energy_series_coeffs_1d_chain_tfim_sigma0.5_order13.csv,1a64da663dd9a985e6906159578a561b9bdcb7d20199877cba21d5a10240114c,langheld2022,"Langheld et al. (2022), Zenodo 10.5281/zenodo.6645107",per-cluster reduction of raw_data_pcut/results/ground_state_energy/mc_embedding/lrtfim_sigma0.5/ in the record: every row is the mean over seeds of '# Target integral' (<= 4.4e-16 relative) with error sd/sqrt(n_seeds) exactly,"adds the analytic two-site order-2 row (error 0), which the record does not carry"
MC_patched/TFIM/chain/gs_energy_series_coeffs_1d_chain_tfim_sigma1.0_order13.csv,9937e5ae46fd61a8409b765a236f46e494d78a80ed952a0e1b285d60bb47fbe8,langheld2022,"Langheld et al. (2022), Zenodo 10.5281/zenodo.6645107",per-cluster reduction of raw_data_pcut/results/ground_state_energy/mc_embedding/lrtfim_sigma1/ in the record: every row is the mean over seeds of '# Target integral' (<= 4.4e-16 relative) with error sd/sqrt(n_seeds) exactly,"adds the analytic two-site order-2 row (error 0), which the record does not carry"
MC_patched/TFIM/chain/gs_energy_series_coeffs_1d_chain_tfim_sigma2.0_order13.csv,01b2efeb9d566e6e76adacdd68f60e1bd1571a9fdb1bb2c3c132ca56763a374f,langheld2022,"Langheld et al. (2022), Zenodo 10.5281/zenodo.6645107",per-cluster reduction of raw_data_pcut/results/ground_state_energy/mc_embedding/lrtfim_sigma2/ in the record: every row is the mean over seeds of '# Target integral' (<= 4.4e-16 relative) with error sd/sqrt(n_seeds) exactly,"adds the analytic two-site order-2 row (error 0), which the record does not carry"
MC_patched/TFIM/chain/gs_energy_series_coeffs_1d_chain_tfim_sigma3.0_order13.csv,89747ab44bf2b1be726dbed6fcb0f96c2f7f8f25a7a0fe403caca034da2e2dca,langheld2022,"Langheld et al. (2022), Zenodo 10.5281/zenodo.6645107",per-cluster reduction of raw_data_pcut/results/ground_state_energy/mc_embedding/lrtfim_sigma3/ in the record: every row is the mean over seeds of '# Target integral' (<= 4.4e-16 relative) with error sd/sqrt(n_seeds) exactly,"adds the analytic two-site order-2 row (error 0), which the record does not carry"
MC_patched/TFIM/cubic/TFIM_lr_3d_cube__MC__list_of_prefactors__k0__alpha_10.dat,0819cdd755f63d5533c4d9edbca58f3138c1d4c003f14e4a719492ff8c3f5ea3,fey2020thesis,Fey (2020) Table F.10,cell-verified (9/9 measured orders reproduce the print),
MC_patched/TFIM/cubic/TFIM_lr_3d_cube__MC__list_of_prefactors__k0__alpha_3.25.dat,791d23bbcafb16d2171a87ac182f5208937d9820a9e9e0a1ccf9d3e5ed4301d1,fey2020thesis,Fey (2020) Table F.10,cell-verified (9/9 measured orders reproduce the print),
MC_patched/TFIM/cubic/TFIM_lr_3d_cube__MC__list_of_prefactors__k0__alpha_3.5.dat,ca9e070e80bb8c750172f355e0879ea96efe32c63f5fd9eb5dc2d3e226f17ad9,fey2020thesis,Fey (2020) Table F.10,cell-verified (9/9 measured orders reproduce the print),
MC_patched/TFIM/cubic/TFIM_lr_3d_cube__MC__list_of_prefactors__k0__alpha_4.dat,0228ae14f26dade6065e95a3bb06c6fe647403213a1b0f887321cab7bdf94fb3,fey2020thesis,Fey (2020) Table F.10,cell-verified (9/9 measured orders reproduce the print),
MC_patched/TFIM/cubic/TFIM_lr_3d_cube__MC__list_of_prefactors__k0__alpha_5.dat,d349d409c397463b800d66169fa90a7d5e1d63fffd61034b6ba5c03c1da0357f,fey2020thesis,Fey (2020) Table F.10,cell-verified (9/9 measured orders reproduce the print),
MC_patched/TFIM/cubic/TFIM_lr_3d_cube__MC__list_of_prefactors__k0__alpha_6.dat,13e603e92f561571a7d367cbb1837516de748d1e4ac63e1ba6f44c9891a619bd,fey2020thesis,Fey (2020) Table F.10,cell-verified (9/9 measured orders reproduce the print),
MC_patched/TFIM/cubic/TFIM_lr_3d_cube__MC__list_of_prefactors__k0__alpha_7.dat,d6acd49368c4350751195692569ed0687d19e031fc230e220b3c3c7eeb4b8981,fey2020thesis,Fey (2020) Table F.10,cell-verified (9/9 measured orders reproduce the print),
MC_patched/TFIM/cubic/TFIM_lr_3d_cube__MC__list_of_prefactors__k0__alpha_8.dat,14d844e0dd09cd6ed9768b0ef2b5ca8c72dad0846e18255c1059a943377741c3,fey2020thesis,Fey (2020) Table F.10,cell-verified (9/9 measured orders reproduce the print),
MC_patched/TFIM/cubic/TFIM_lr_3d_cube__MC__list_of_prefactors__k0__alpha_9.dat,ee27c845f488d22002b49baaa01984eb683675f3e912a4262a07e792f62d17e9,fey2020thesis,Fey (2020) Table F.10,cell-verified (9/9 measured orders reproduce the print),
MC_patched/TFIM/cubic/TFIM_lr_3d_cube__MC__list_of_prefactors__kPi__alpha_10_rho4_gamma4.dat,0584b81564df3e7d79e67f26ad4f3387ec72cc39db867d6d8b91826def2dd19d,fey2020thesis,Fey (2020) Table F.11,cell-verified (10/10 measured orders reproduce the print),
MC_patched/TFIM/cubic/TFIM_lr_3d_cube__MC__list_of_prefactors__kPi__alpha_3.5_rho1.75_gamma1.75.dat,4598d65470f6c8292c63243354a0a28e0ba5026186f5da95f3829b242ba83103,fey2020thesis,Fey (2020) Table F.11,cell-verified (10/10 measured orders reproduce the print),
MC_patched/TFIM/cubic/TFIM_lr_3d_cube__MC__list_of_prefactors__kPi__alpha_4_rho2_gamma2.dat,b1825f196df5fd474844eaa175e688f6a7bdf4686544ee6db0996e5c0ebe319e,fey2020thesis,Fey (2020) Table F.11,cell-verified (10/10 measured orders reproduce the print),
MC_patched/TFIM/cubic/TFIM_lr_3d_cube__MC__list_of_prefactors__kPi__alpha_5_rho2.5_gamma2.5.dat,a874454f2c17c6970767a51f734050e0e0317bd32d2535305ffec336b1b97d44,fey2020thesis,Fey (2020) Table F.11,cell-verified (10/10 measured orders reproduce the print),
MC_patched/TFIM/cubic/TFIM_lr_3d_cube__MC__list_of_prefactors__kPi__alpha_6_rho3_gamma3.dat,621911f11297602ce5e1bc26c04e5a91e35c06af10dd340c00768cafb3e728d8,fey2020thesis,Fey (2020) Table F.11,cell-verified (10/10 measured orders reproduce the print),
MC_patched/TFIM/cubic/TFIM_lr_3d_cube__MC__list_of_prefactors__kPi__alpha_7_rho3.5_gamma3.5.dat,21a81c4c7778232375c0e85b9660f0cfd4ce58b7f9357d35fafd0e1e764ee470,fey2020thesis,Fey (2020) Table F.11,cell-verified (10/10 measured orders reproduce the print),
MC_patched/TFIM/cubic/TFIM_lr_3d_cube__MC__list_of_prefactors__kPi__alpha_8_rho4_gamma4.dat,3f15c159cf0c2a6af7b20275d360d57ca7335144360c1d4a3fb0d4dabf703fef,fey2020thesis,Fey (2020) Table F.11,cell-verified (10/10 measured orders reproduce the print),
MC_patched/TFIM/cubic/TFIM_lr_3d_cube__MC__list_of_prefactors__kPi__alpha_9_rho4.5_gamma4.5.dat,68c294b206182790b5e7d3eac674508a70323f38d9e25d9dcfebc81f0e476ffe,fey2020thesis,Fey (2020) Table F.11,cell-verified (10/10 measured orders reproduce the print),
MC_patched/TFIM/square/1qp_gap_series_2d_square_tfim_k0_sigma0.5_order11.csv,5273760dccf884e506c2495f7ea28b9db8a8d50b126e6899c0ac840c9e4babbe,adelhardt-pc,"P. Adelhardt, private communication (unpublished coefficients)",byte-identical to upstream unpublished summed series; equals the coeffs file to <=4e-16,
MC_patched/TFIM/square/1qp_gap_series_2d_square_tfim_k0_sigma3_order11.csv,c102a9cfd34aec5929d8afc7d389851095493860eb70bf7eb9036c355e679799,adelhardt-pc,"P. Adelhardt, private communication (unpublished coefficients)",byte-identical to upstream unpublished summed series; equals the coeffs file to <=4e-16,
MC_patched/TFIM/square/1qp_gap_series_2d_square_tfim_k0_sigma4_order11.csv,86fb0cbf4649d50fce4c0518bf4dc5dacc95f97ecf18b0a7295b2e75089ffa0a,adelhardt-pc,"P. Adelhardt, private communication (unpublished coefficients)",byte-identical to upstream unpublished summed series; equals the coeffs file to <=4e-16,
MC_patched/TFIM/square/1qp_gap_series_2d_square_tfim_k0_sigma8_order11.csv,80e6adab8191255f75109a001e8d7f9f25b7f9122b9ff8b3a547970de5aa32cd,adelhardt-pc,"P. Adelhardt, private communication (unpublished coefficients)",byte-identical to upstream unpublished summed series; equals the coeffs file to <=4e-16,
MC_patched/TFIM/square/1qp_gap_series_2d_square_tfim_kx0_ky0_sigma2_order11.csv,7de717cf21d2e55442e2c8f5789f71f3cce078a1a3d3d38cf1b3d216b93e5a43,adelhardt-pc,"P. Adelhardt, private communication (unpublished coefficients)",byte-identical to upstream unpublished summed series; equals the coeffs file to <=4e-16,
MC_patched/TFIM/square/1qp_gap_series_coeffs_2d_square_tfim_kx0_ky0_sigma0.5_order11.csv,ecdc96c87b76ced436ca379aa304c1cfb3140bdd1fb274e1ae5ea1dda35fe497,adelhardt-pc,"P. Adelhardt, private communication (unpublished coefficients)",per-cluster file; sum over Nsites equals upstream unpublished summed series to <=4e-16,
MC_patched/TFIM/square/1qp_gap_series_coeffs_2d_square_tfim_kx0_ky0_sigma2_order11.csv,0281bad9515593415d027a9f90c203142a878492f275d0edb22004c3abb53e86,adelhardt-pc,"P. Adelhardt, private communication (unpublished coefficients)",per-cluster file; sum over Nsites equals upstream unpublished summed series to <=4e-16,
MC_patched/TFIM/square/1qp_gap_series_coeffs_2d_square_tfim_kx0_ky0_sigma3_order11.csv,5812183f224c456101e01af9f6bfdf04af5a427a2e6c7c34d29d3ae051efd4dd,adelhardt-pc,"P. Adelhardt, private communication (unpublished coefficients)",per-cluster file; sum over Nsites equals upstream unpublished summed series to <=4e-16,
MC_patched/TFIM/square/1qp_gap_series_coeffs_2d_square_tfim_kx0_ky0_sigma4_order11.csv,bd8e4175a98ffb42619b1a9994c38380078f7be47c0f5a6dedf37d495fefae29,adelhardt-pc,"P. Adelhardt, private communication (unpublished coefficients)",per-cluster file; sum over Nsites equals upstream unpublished summed series to <=4e-16,
MC_patched/TFIM/square/1qp_gap_series_coeffs_2d_square_tfim_kx0_ky0_sigma8_order11.csv,955848ae4e3a8c445a9543bdde471c41b7c25d1998ca7dbd7b16fa478f95222f,adelhardt-pc,"P. Adelhardt, private communication (unpublished coefficients)",per-cluster file; sum over Nsites equals upstream unpublished summed series to <=4e-16,
MC_patched/TFIM/square/TFIM_lr_2d_square__MC__list_of_prefactors__0qp__alpha_10.dat,16647c8fe2eabf2288e09014c88c89369a69ca61c4cbd16988eb3a03762acca2,fey2020thesis,Fey (2020) Table F.4,cell-verified (8/8 measured orders reproduce the print),
MC_patched/TFIM/square/TFIM_lr_2d_square__MC__list_of_prefactors__0qp__alpha_2.5.dat,2075936cdf2d66b0045d42f7c693f0702b19203cbe3acf4d71d9ed3972ff9a65,fey2020thesis,Fey (2020) Table F.4,cell-verified (9/9 measured orders reproduce the print),
MC_patched/TFIM/square/TFIM_lr_2d_square__MC__list_of_prefactors__0qp__alpha_3.33333.dat,d4f6b79ee73c5dfb76793b21396a57bc4b82d80ecd91d38ba014104f2c05f6d4,fey2020thesis,Fey (2020) Table F.4,cell-verified (9/9 measured orders reproduce the print),
MC_patched/TFIM/square/TFIM_lr_2d_square__MC__list_of_prefactors__0qp__alpha_3.5.dat,78ed5adc2ef8273f64a7cc41a17e28e66f736d4a7d634bc793f08fd00c45aed6,fey2020thesis,Fey (2020) Table F.4,cell-verified (9/9 measured orders reproduce the print),
MC_patched/TFIM/square/TFIM_lr_2d_square__MC__list_of_prefactors__0qp__alpha_3.dat,8da844891a4608b100ca68afaaf2b1d19f3121eecc17fdd7ae33ea612cec0f7a,fey2020thesis,Fey (2020) Table F.4,cell-verified (9/9 measured orders reproduce the print),
MC_patched/TFIM/square/TFIM_lr_2d_square__MC__list_of_prefactors__0qp__alpha_4.5.dat,bd393b62d6c61dfd8d8dc1934b096a5b4a55dc9c44c6cf3e2eb2d8139f413d82,fey2020thesis,Fey (2020) Table F.4,cell-verified (9/9 measured orders reproduce the print),
MC_patched/TFIM/square/TFIM_lr_2d_square__MC__list_of_prefactors__0qp__alpha_4.dat,9d51e057d889aa52ede0c979352bb5c7198f8e97884380ca9301a6bf181da89e,fey2020thesis,Fey (2020) Table F.4,cell-verified (9/9 measured orders reproduce the print),
MC_patched/TFIM/square/TFIM_lr_2d_square__MC__list_of_prefactors__0qp__alpha_5.dat,c3d27ddcc0de68e8e19740eadb8eff15ea8fac8240a1a94cc6e12fedf3540491,fey2020thesis,Fey (2020) Table F.4,cell-verified (9/9 measured orders reproduce the print),
MC_patched/TFIM/square/TFIM_lr_2d_square__MC__list_of_prefactors__0qp__alpha_6.dat,c3082c0321f34c45f84d7bfff63ece72435b4dd1d5980c964694df1c9c6d71ba,fey2020thesis,Fey (2020) Table F.4,cell-verified (9/9 measured orders reproduce the print),
MC_patched/TFIM/square/TFIM_lr_2d_square__MC__list_of_prefactors__0qp__alpha_8.dat,5fc7a879688b88ebd1f86606a9b5ec34384398181ed286e4edee1eb0d11c0e1a,fey2020thesis,Fey (2020) Table F.4,cell-verified (9/9 measured orders reproduce the print),
MC_patched/TFIM/square/TFIM_lr_2d_square__MC__list_of_prefactors__k0__alpha_10.dat,ddf58a12204db81e34cfe73fc14027a5b764338c107170585baa606e08e51dfe,fey2019prl,Fey et al. (2019) supplementary Table I; also Fey (2020) Table F.5 (tables as in arXiv:1802.06684v1),cell-verified (8/8 measured orders reproduce the print),
MC_patched/TFIM/square/TFIM_lr_2d_square__MC__list_of_prefactors__k0__alpha_2.25.dat,c06ce575dc3cf8f60314451d1fb4f97e786db4012005532dcd456a7e1a2fe40b,fey2019prl,Fey et al. (2019) supplementary Table I; also Fey (2020) Table F.5 (tables as in arXiv:1802.06684v1),cell-verified (8/8 measured orders reproduce the print),
MC_patched/TFIM/square/TFIM_lr_2d_square__MC__list_of_prefactors__k0__alpha_2.33333.dat,3579034ca81efd4a3087cba319f3d81930a4292154cd4902a6476f69f87e58ae,fey2019prl,Fey et al. (2019) supplementary Table I; also Fey (2020) Table F.5 (tables as in arXiv:1802.06684v1),cell-verified (8/8 measured orders reproduce the print),
MC_patched/TFIM/square/TFIM_lr_2d_square__MC__list_of_prefactors__k0__alpha_2.75.dat,8277ca83412069d4463b364e94b80cba55dbf0910ed01d70d839ebd7c84c3dc2,fey2019prl,Fey et al. (2019) supplementary Table I; also Fey (2020) Table F.5 (tables as in arXiv:1802.06684v1),cell-verified (8/9 measured orders reproduce the print),
MC_patched/TFIM/square/TFIM_lr_2d_square__MC__list_of_prefactors__k0__alpha_3.25.dat,50e7a41927f41b8f2376da5b05b3a0cf5443d903592ceef306596277306c2706,fey2019prl,Fey et al. (2019) supplementary Table I; also Fey (2020) Table F.5 (tables as in arXiv:1802.06684v1),cell-verified (8/8 measured orders reproduce the print),
MC_patched/TFIM/square/TFIM_lr_2d_square__MC__list_of_prefactors__k0__alpha_3.33333.dat,8a0b06291cc88f6ec23edb14263615b1008ab8b96f708993c03ad72400348c29,fey2019prl,Fey et al. (2019) supplementary Table I; also Fey (2020) Table F.5 (tables as in arXiv:1802.06684v1),cell-verified (8/9 measured orders reproduce the print),
MC_patched/TFIM/square/TFIM_lr_2d_square__MC__list_of_prefactors__k0__alpha_3.5.dat,dc65ac9bcf61b6dc407ca10e75aff1e76015954b7e3263e3447491897adf8e58,fey2019prl,Fey et al. (2019) supplementary Table I; also Fey (2020) Table F.5 (tables as in arXiv:1802.06684v1),cell-verified (8/9 measured orders reproduce the print),
MC_patched/TFIM/square/TFIM_lr_2d_square__MC__list_of_prefactors__k0__alpha_3.dat,f58c592b3673cee07db9ecc4e8b74260515fca353c4a66e8d8e97197bdc568f4,fey2019prl,Fey et al. (2019) supplementary Table I; also Fey (2020) Table F.5 (tables as in arXiv:1802.06684v1),cell-verified (8/9 measured orders reproduce the print),
MC_patched/TFIM/square/TFIM_lr_2d_square__MC__list_of_prefactors__k0__alpha_4.5.dat,62a75f84be3763193bb90ec80bce6fa9cadeb3bd17e68665ec5910799fa9251b,fey2019prl,Fey et al. (2019) supplementary Table I; also Fey (2020) Table F.5 (tables as in arXiv:1802.06684v1),cell-verified (8/8 measured orders reproduce the print),
MC_patched/TFIM/square/TFIM_lr_2d_square__MC__list_of_prefactors__k0__alpha_4.dat,1a1d7a06896d3d1e22be0f0828aa841acfcabb8ec919ebc99352358f2be5e4f4,fey2019prl,Fey et al. (2019) supplementary Table I; also Fey (2020) Table F.5 (tables as in arXiv:1802.06684v1),cell-verified (8/9 measured orders reproduce the print),
MC_patched/TFIM/square/TFIM_lr_2d_square__MC__list_of_prefactors__k0__alpha_5.dat,05230096306d310bb4d3f4760d821344a853e85484e938d6a07911729a1594df,fey2019prl,Fey et al. (2019) supplementary Table I; also Fey (2020) Table F.5 (tables as in arXiv:1802.06684v1),cell-verified (8/8 measured orders reproduce the print),
MC_patched/TFIM/square/TFIM_lr_2d_square__MC__list_of_prefactors__k0__alpha_6.dat,17469b918a1bd16184762864a2670fea753d6836ace1f7e7f2552219af5335c2,fey2019prl,Fey et al. (2019) supplementary Table I; also Fey (2020) Table F.5 (tables as in arXiv:1802.06684v1),cell-verified (8/8 measured orders reproduce the print),
MC_patched/TFIM/square/TFIM_lr_2d_square__MC__list_of_prefactors__k0__alpha_8.dat,2fb8a0b44ad6b66862a1dd37835e7b21a580a75134c096d0f0a14abddfc77497,fey2019prl,Fey et al. (2019) supplementary Table I; also Fey (2020) Table F.5 (tables as in arXiv:1802.06684v1),cell-verified (8/8 measured orders reproduce the print),
MC_patched/TFIM/square/TFIM_lr_2d_square__MC__list_of_prefactors__kPi__alpha_10.dat,ea556c6684fe51a1d74461caab2faf291f5881c003769ff335606bcc06c98210,fey2019prl,Fey et al. (2019) supplementary Table III; also Fey (2020) Table F.6 (tables as in arXiv:1802.06684v1),cell-verified (8/8 measured orders reproduce the print),
MC_patched/TFIM/square/TFIM_lr_2d_square__MC__list_of_prefactors__kPi__alpha_3.5.dat,b5120511afa50bef3abc31accd1f187422ab48ad4de2ec2f17e2e19e48f9cdf2,fey2019prl,Fey et al. (2019) supplementary Table III; also Fey (2020) Table F.6 (tables as in arXiv:1802.06684v1),cell-verified (8/8 measured orders reproduce the print),
MC_patched/TFIM/square/TFIM_lr_2d_square__MC__list_of_prefactors__kPi__alpha_3.dat,197facc77eaabb3a4c42c9346c318643cc91ebf76bc900b9a686ec3bc85cc722,fey2019prl,Fey et al. (2019) supplementary Table III; also Fey (2020) Table F.6 (tables as in arXiv:1802.06684v1),cell-verified (8/8 measured orders reproduce the print),
MC_patched/TFIM/square/TFIM_lr_2d_square__MC__list_of_prefactors__kPi__alpha_4.dat,4b92098758f73bc75fa1ae23d0a64baa1e713aae8ad389bdcd123d3661e0d2ac,fey2019prl,Fey et al. (2019) supplementary Table III; also Fey (2020) Table F.6 (tables as in arXiv:1802.06684v1),cell-verified (8/8 measured orders reproduce the print),
MC_patched/TFIM/square/TFIM_lr_2d_square__MC__list_of_prefactors__kPi__alpha_5.dat,604c35087211615182e365083188bd298ba61fa1bebe7453e8cb5f17c955cac8,fey2019prl,Fey et al. (2019) supplementary Table III; also Fey (2020) Table F.6 (tables as in arXiv:1802.06684v1),cell-verified (8/8 measured orders reproduce the print),
MC_patched/TFIM/square/TFIM_lr_2d_square__MC__list_of_prefactors__kPi__alpha_6.dat,4d41fa750798c4cb27c5f318c79f4a95274c8f249d9d67ffb81c867e9f3db096,fey2019prl,Fey et al. (2019) supplementary Table III; also Fey (2020) Table F.6 (tables as in arXiv:1802.06684v1),cell-verified (8/8 measured orders reproduce the print),
MC_patched/TFIM/square/TFIM_lr_2d_square__MC__list_of_prefactors__kPi__alpha_8.dat,afd74c36c369e53301f63533e143a37024c75b467b638a6cb6b718a64c98af3d,fey2019prl,Fey et al. (2019) supplementary Table III; also Fey (2020) Table F.6 (tables as in arXiv:1802.06684v1),cell-verified (8/8 measured orders reproduce the print),
MC_patched/TFIM/square/gs_energy_series_coeffs_2d_square_tfim_sigma0.5_order13.csv,48f5bad5c8dd5a62fac8553d4268e7c1a60c3820907ffc7323b9a1266a25522f,adelhardt-pc,"P. Adelhardt, private communication (unpublished coefficients)",per-cluster file; sum over Nsites equals upstream unpublished summed series to <=4e-16,
MC_patched/TFIM/square/gs_energy_series_coeffs_2d_square_tfim_sigma1_order13.csv,40a15c2faa803f7824ce14196ea1f3a2c8dadad6ccad0a63e114b5d6e19c197e,adelhardt-pc,"P. Adelhardt, private communication (unpublished coefficients)",per-cluster file; sum over Nsites equals upstream unpublished summed series to <=4e-16,
MC_patched/TFIM/square/gs_energy_series_coeffs_2d_square_tfim_sigma2_order13.csv,b1f1e7f1eaad3ef4472d3eaa2dd5746f96587f237fc97129c1b75275c47ecae7,adelhardt-pc,"P. Adelhardt, private communication (unpublished coefficients)",per-cluster file; sum over Nsites equals upstream unpublished summed series to <=4e-16,
MC_patched/TFIM/square/gs_energy_series_coeffs_2d_square_tfim_sigma3_order13.csv,df883594c58f29bd5c32f63964d12f8bfbb714fa904df5ab4c94d17f4841a968,adelhardt-pc,"P. Adelhardt, private communication (unpublished coefficients)",per-cluster file; sum over Nsites equals upstream unpublished summed series to <=4e-16,
MC_patched/TFIM/square/gs_energy_series_coeffs_2d_square_tfim_sigma4_order13.csv,9abc840d5ec51f07264eb7238ccb52ec46e4769fa80f0f0d6b22592108b7e963,adelhardt-pc,"P. Adelhardt, private communication (unpublished coefficients)",per-cluster file; sum over Nsites equals upstream unpublished summed series to <=4e-16,
MC_patched/TFIM/square/gs_energy_series_coeffs_2d_square_tfim_sigma8_order13.csv,1b93a819fb229a3fe90ac91091f87b2654000d1460dee5765383fc014c56c34b,adelhardt-pc,"P. Adelhardt, private communication (unpublished coefficients)",per-cluster file; sum over Nsites equals upstream unpublished summed series to <=4e-16,
MC_patched/TFIM/triangular/TFIM_lr_2d_triangular__MC__list_of_prefactors__0qp__alpha_10.dat,55c6128f2e526da41c391e2b1314025faa5c78e4ca8b72dd388a3876cb78f32d,fey2020thesis,Fey (2020) Table F.7,cell-verified (9/9 measured orders reproduce the print),
MC_patched/TFIM/triangular/TFIM_lr_2d_triangular__MC__list_of_prefactors__0qp__alpha_2.25.dat,d57edd9834705857e3e2d55af984093a99e8012d29b92c22c7738778e1134ad8,fey2020thesis,Fey (2020) Table F.7,cell-verified (9/9 measured orders reproduce the print),
MC_patched/TFIM/triangular/TFIM_lr_2d_triangular__MC__list_of_prefactors__0qp__alpha_2.5.dat,5dc6e45b278cef5d0ba26e526e6125cdcdc9798deaa93109a2f780a3366f81fc,fey2020thesis,Fey (2020) Table F.7,cell-verified (9/9 measured orders reproduce the print),
MC_patched/TFIM/triangular/TFIM_lr_2d_triangular__MC__list_of_prefactors__0qp__alpha_3.5.dat,9fd8ae61eafd46ced17914414c0a4245e564a3536047c68dc42a916cd1e47d51,fey2020thesis,Fey (2020) Table F.7,cell-verified (9/9 measured orders reproduce the print),
MC_patched/TFIM/triangular/TFIM_lr_2d_triangular__MC__list_of_prefactors__0qp__alpha_3.dat,3bf01b8babbe9007d7fc40624673eb237b2a509b5a7b6ff065f18e902528de6a,fey2020thesis,Fey (2020) Table F.7,cell-verified (9/9 measured orders reproduce the print),
MC_patched/TFIM/triangular/TFIM_lr_2d_triangular__MC__list_of_prefactors__0qp__alpha_4.dat,21db5215390527d0b2a4cbc021efeccb0d4f8877d2009d742ff239651102fc50,fey2020thesis,Fey (2020) Table F.7,cell-verified (9/9 measured orders reproduce the print),
MC_patched/TFIM/triangular/TFIM_lr_2d_triangular__MC__list_of_prefactors__0qp__alpha_5.dat,5602aac56bbf998c20504b67f6d2e36988a9aa0e3a6fd6deeb1126043975d7fb,fey2020thesis,Fey (2020) Table F.7,cell-verified (9/9 measured orders reproduce the print),
MC_patched/TFIM/triangular/TFIM_lr_2d_triangular__MC__list_of_prefactors__0qp__alpha_6.dat,938049fba21433e92ef8828e5536f03e3c4d842f301607200d02459e83e8d45a,fey2020thesis,Fey (2020) Table F.7,cell-verified (9/9 measured orders reproduce the print),
MC_patched/TFIM/triangular/TFIM_lr_2d_triangular__MC__list_of_prefactors__0qp__alpha_8.dat,381d9c4095701a2bd424ab1f2af6216cbdcb84b4067edc56a65eaf762e066993,fey2020thesis,Fey (2020) Table F.7,cell-verified (9/9 measured orders reproduce the print),
MC_patched/TFIM/triangular/TFIM_lr_2d_triangular__MC__list_of_prefactors__k0__alpha_2.25.dat,e08b29d6820e19e2bd829752e9a2c387a2b10b0239b454b01a222ad87904e59f,fey2019prl,Fey et al. (2019) supplementary Table II; also Fey (2020) Table F.8 (tables as in arXiv:1802.06684v1),cell-verified (8/9 measured orders reproduce the print),
MC_patched/TFIM/triangular/TFIM_lr_2d_triangular__MC__list_of_prefactors__k0__alpha_2.33333.dat,d834bf2c22c55eafe54eca48bb76832db96ff6ef29bd950411224feaf467aa4a,fey2019prl,Fey et al. (2019) supplementary Table II; also Fey (2020) Table F.8 (tables as in arXiv:1802.06684v1),cell-verified (8/9 measured orders reproduce the print),
MC_patched/TFIM/triangular/TFIM_lr_2d_triangular__MC__list_of_prefactors__k0__alpha_2.5.dat,6c43458543e68db848c737ab62825793785ddfa1435143afd1321d0b4e91d84b,fey2019prl,Fey et al. (2019) supplementary Table II; also Fey (2020) Table F.8 (tables as in arXiv:1802.06684v1),cell-verified (8/9 measured orders reproduce the print),
MC_patched/TFIM/triangular/TFIM_lr_2d_triangular__MC__list_of_prefactors__k0__alpha_3.33333.dat,fcef563857bd62b56dcc9f4b312d0bce949fc24e3c2a98d153f5686476423a14,fey2019prl,Fey et al. (2019) supplementary Table II; also Fey (2020) Table F.8 (tables as in arXiv:1802.06684v1),cell-verified (8/9 measured orders reproduce the print),
MC_patched/TFIM/triangular/TFIM_lr_2d_triangular__MC__list_of_prefactors__k0__alpha_3.5.dat,ced0acb0c9d4cf60a82878a831df991cbe1670c182611ccd0a317eeb492232bf,fey2019prl,Fey et al. (2019) supplementary Table II; also Fey (2020) Table F.8 (tables as in arXiv:1802.06684v1),cell-verified (8/9 measured orders reproduce the print),
MC_patched/TFIM/triangular/TFIM_lr_2d_triangular__MC__list_of_prefactors__k0__alpha_3.dat,df16737c6cbdf54fd55a6036b8940ffd9d31f3ddc23656f787cf73b672b85329,fey2019prl,Fey et al. (2019) supplementary Table II; also Fey (2020) Table F.8 (tables as in arXiv:1802.06684v1),cell-verified (8/9 measured orders reproduce the print),
MC_patched/TFIM/triangular/TFIM_lr_2d_triangular__MC__list_of_prefactors__k0__alpha_4.dat,37b23a66b06ee419f1cf691d6196fa0863a78648a449da4d52880f2070dc5568,fey2019prl,Fey et al. (2019) supplementary Table II; also Fey (2020) Table F.8 (tables as in arXiv:1802.06684v1),cell-verified (8/9 measured orders reproduce the print),
MC_patched/TFIM/triangular/TFIM_lr_2d_triangular__MC__list_of_prefactors__k0__alpha_5.dat,c6a5aaebb471acbdee7ab9aa56015b7f636ef8c8acbdf70ee502a74aaaa7ca78,fey2019prl,Fey et al. (2019) supplementary Table II; also Fey (2020) Table F.8 (tables as in arXiv:1802.06684v1),cell-verified (8/9 measured orders reproduce the print),
MC_patched/TFIM/triangular/TFIM_lr_2d_triangular__MC__list_of_prefactors__k0__alpha_6.dat,abe77b1e02c1999c3028242591590a84a99bb0f0e34288385a3c7391a5d32fb4,fey2019prl,Fey et al. (2019) supplementary Table II; also Fey (2020) Table F.8 (tables as in arXiv:1802.06684v1),cell-verified (8/9 measured orders reproduce the print),
MC_patched/TFIM/triangular/TFIM_lr_2d_triangular__MC__list_of_prefactors__k0__alpha_8.dat,756fee4f8d17d998d7ce1b2d07a4241be9916ded5ef0b41b94b9dc015a5faf26,fey2019prl,Fey et al. (2019) supplementary Table II; also Fey (2020) Table F.8 (tables as in arXiv:1802.06684v1),cell-verified (8/9 measured orders reproduce the print),
MC_patched/TFIM/triangular/TFIM_lr_2d_triangular__MC__list_of_prefactors__kx2.09_ky-2.09__alpha_3.5.dat,db99a9992e1e366b65675e5621c003088553d1405358785fb039bdb66030a23e,fey2019prl,Fey et al. (2019) supplementary Table IV; also Fey (2020) Table F.9 (tables as in arXiv:1802.06684v1),cell-verified (8/9 measured orders reproduce the print),
MC_patched/TFIM/triangular/TFIM_lr_2d_triangular__MC__list_of_prefactors__kx2.09_ky-2.09__alpha_4.dat,aa81215bde25b64bd732cdf43b8ec8050aad1ab51fdb8aaf0e8eb30038318630,fey2019prl,Fey et al. (2019) supplementary Table IV; also Fey (2020) Table F.9 (tables as in arXiv:1802.06684v1),cell-verified (8/9 measured orders reproduce the print),
MC_patched/TFIM/triangular/TFIM_lr_2d_triangular__MC__list_of_prefactors__kx2.09_ky-2.09__alpha_5.dat,7e7b4fe7b60091251390215a0813d08f7e92deb2f5ca96adcc1a2b4d76a32f13,fey2019prl,Fey et al. (2019) supplementary Table IV; also Fey (2020) Table F.9 (tables as in arXiv:1802.06684v1),cell-verified (8/9 measured orders reproduce the print),
MC_patched/TFIM/triangular/TFIM_lr_2d_triangular__MC__list_of_prefactors__kx2.09_ky-2.09__alpha_6.dat,ae239a8710c7fa645ac96f294e281b27400d99c185ab72efa429257e74efb8f4,fey2019prl,Fey et al. (2019) supplementary Table IV; also Fey (2020) Table F.9 (tables as in arXiv:1802.06684v1),cell-verified (8/9 measured orders reproduce the print),
MC_patched/TFIM/triangular/TFIM_lr_2d_triangular__MC__list_of_prefactors__kx2.09_ky-2.09__alpha_8.dat,cdd33c050469e106f1063b70a0021f4831f16e09e7b82ab56387c514289109c8,fey2019prl,Fey et al. (2019) supplementary Table IV; also Fey (2020) Table F.9 (tables as in arXiv:1802.06684v1),cell-verified (8/9 measured orders reproduce the print),
full_graph_topologies.npz,ede62a9cdcf0b5882036e1a60294127e947b4243d66a9a07d418c6574c3f7c22,gzl,,project data,"topology snapshot of both corpora, 31 080 graphs (written by tools/dump_full_graph_set.py)"
tfim_softcore_corpus_0qp.npz,3ba3e46355d04e52b6f1d5b6567ce3241fc2cd517159a55b4bc9ba124a5d4d5d,gzl,,project data,"0qp softcore TFIM corpus: 8 403 combinatorial graphs, orders 2-13 (corpus_version 1.0.0, generated 2026-05-04)"
tfim_softcore_corpus_1qp.npz,cc6c986259d2035e79a178ced1650beaddd66745941fa0f3402f459b71e92e6e,gzl,,project data,"1qp softcore TFIM corpus: 22 677 combinatorial graphs, orders 1-11 (corpus_version 1.0.0, generated 2026-05-04)"
